Name,Email,Country,Phone,Email2,Dob
Alejandro Garcia,ag@gmail.com,America,(246) 421-7294,alejandro.garcia@yahoo.com,04-15-1993
Carlos Rodriguez,cr@gmail.com,America,(209) 861-5416,carlos.rodriguez@yahoo.com,01-16-1951
Daniel Martinez,dm@gmail.com,America,(517) 420-3920,daniel.martinez@yahoo.com,03-18-1945
Eduardo Lopez,el@gmail.com,America,(763) 489-5449,eduardo.lopez@yahoo.com,03-08-1997
Felipe Hernandez,fh@gmail.com,America,(918) 565-3393,felipe.hernandez@yahoo.com,08-27-1987
Gabriel Perez,gp@gmail.com,America,(277) 256-4595,gabriel.perez@yahoo.com,09-17-1944
Hugo Gonzalez,hg@gmail.com,America,(897) 383-1855,hugo.gonzalez@yahoo.com,04-25-1928
Ignacio Torres,it@gmail.com,America,(633) 438-2618,ignacio.torres@yahoo.com,05-29-1995
Javier Ramirez,jr@gmail.com,America,(904) 519-6264,javier.ramirez@yahoo.com,09-01-1952
Luis Sanchez,ls@gmail.com,America,(977) 860-4521,luis.sanchez@yahoo.com,01-03-1951
Manuel Flores,mf@gmail.com,America,(969) 226-3899,manuel.flores@yahoo.com,01-13-1989
Nicolas Morales,nm@gmail.com,America,(241) 239-2674,nicolas.morales@yahoo.com,02-03-1967
Oscar Castro,oc@gmail.com,America,(426) 603-7417,oscar.castro@yahoo.com,09-26-1945
Pablo Ortiz,po@gmail.com,America,(288) 656-5178,pablo.ortiz@yahoo.com,09-16-1977
Rafael Ruiz,rr@gmail.com,America,(346) 307-6866,rafael.ruiz@yahoo.com,04-21-1960
Sergio Vargas,sv@gmail.com,America,(621) 501-6687,sergio.vargas@yahoo.com,11-26-1957
Tomas Mendoza,tm@gmail.com,America,(363) 835-1342,tomas.mendoza@yahoo.com,06-12-1977
Victor Silva,vs@gmail.com,America,(995) 390-7537,victor.silva@yahoo.com,06-06-1983
Xavier Rivera,xr@gmail.com,America,(460) 801-8294,xavier.rivera@yahoo.com,04-21-1992
Yago Medina,ym@gmail.com,America,(316) 977-8578,yago.medina@yahoo.com,04-05-1977
Zaid Pena,zp@gmail.com,America,(822) 522-3155,zaid.pena@yahoo.com,12-20-1967
Adrián Romero,ar@gmail.com,America,(966) 341-9584,adrián.romero@yahoo.com,08-26-2004
Bruno Diaz,bd@gmail.com,America,(597) 240-7725,bruno.diaz@yahoo.com,01-12-1996
David Espinoza,de@gmail.com,America,(263) 352-3737,david.espinoza@yahoo.com,12-02-1963
Emilio Herrera,eh@gmail.com,America,(293) 899-1323,emilio.herrera@yahoo.com,01-10-1969
Francisco Castro,fc@gmail.com,America,(531) 524-7510,francisco.castro@yahoo.com,08-31-1980
Gonzalo Aguilar,ga@gmail.com,America,(793) 799-7642,gonzalo.aguilar@yahoo.com,09-10-2000
Héctor Navarro,hn@gmail.com,America,(296) 743-3454,héctor.navarro@yahoo.com,09-10-1962
Iván Morales,im@gmail.com,America,(769) 987-8048,iván.morales@yahoo.com,09-12-1930
Jorge Figueroa,jf@gmail.com,America,(607) 775-6675,jorge.figueroa@yahoo.com,05-15-1996
Kevin Rios,kr@gmail.com,America,(710) 657-5586,kevin.rios@yahoo.com,07-06-1946
Leonardo Guzman,lg@gmail.com,America,(967) 315-3277,leonardo.guzman@yahoo.com,09-10-1943
Marco Mora,mm@gmail.com,America,(631) 580-5938,marco.mora@yahoo.com,12-12-1968
Nicolás Valencia,nv@gmail.com,America,(337) 893-1716,nicolás.valencia@yahoo.com,02-26-1951
Octavio Andrade,oa@gmail.com,America,(398) 444-9884,octavio.andrade@yahoo.com,01-22-1974
Patricio Arias,pa@gmail.com,America,(982) 594-5516,patricio.arias@yahoo.com,12-24-1942
Raúl Campos,rc@gmail.com,America,(451) 296-3280,raúl.campos@yahoo.com,01-01-1961
Simón Cano,sc@gmail.com,America,(931) 600-4523,simón.cano@yahoo.com,10-13-1984
Tomás Delgado,td@gmail.com,America,(955) 983-6952,tomás.delgado@yahoo.com,11-25-1967
Valentín Fuentes,vf@gmail.com,America,(887) 322-6285,valentín.fuentes@yahoo.com,03-06-1944
Xavier Leon,xl@gmail.com,America,(825) 890-8691,xavier.leon@yahoo.com,11-15-1943
Yago Marquez,ym@gmail.com,America,(752) 534-6139,yago.marquez@yahoo.com,07-16-1939
Zenón Nunez,zn@gmail.com,America,(337) 545-9303,zenón.nunez@yahoo.com,10-10-1933
Alberto Paredes,ap@gmail.com,America,(657) 727-6068,alberto.paredes@yahoo.com,12-06-1958
Benjamín Rangel,br@gmail.com,America,(594) 901-5883,benjamín.rangel@yahoo.com,05-15-1987
Cristian Soto,cs@gmail.com,America,(941) 288-4512,cristian.soto@yahoo.com,04-18-1989
Diego Tapia,dt@gmail.com,America,(889) 855-7398,diego.tapia@yahoo.com,03-02-1933
Esteban Vega,ev@gmail.com,America,(862) 618-1495,esteban.vega@yahoo.com,10-27-1932
Federico Zavala,fz@gmail.com,America,(244) 853-8962,federico.zavala@yahoo.com,02-24-1928
Gerardo Jimenez,gj@gmail.com,America,(618) 276-5443,gerardo.jimenez@yahoo.com,01-11-1990
Alejandro Morales,am@gmail.com,America,(261) 614-2659,alejandro.morales@yahoo.com,07-11-1977
Carlos Ortiz,co@gmail.com,America,(288) 732-1101,carlos.ortiz@yahoo.com,07-03-1983
Daniel Ruiz,dr@gmail.com,America,(319) 645-9501,daniel.ruiz@yahoo.com,09-29-1942
Eduardo Vargas,ev@gmail.com,America,(856) 285-3213,eduardo.vargas@yahoo.com,05-09-1985
Felipe Mendoza,fm@gmail.com,America,(684) 513-8315,felipe.mendoza@yahoo.com,06-12-1968
Gabriel Silva,gs@gmail.com,America,(783) 374-4801,gabriel.silva@yahoo.com,08-01-1928
Hugo Rivera,hr@gmail.com,America,(826) 881-4762,hugo.rivera@yahoo.com,09-15-1938
Ignacio Medina,im@gmail.com,America,(766) 774-8809,ignacio.medina@yahoo.com,04-07-1963
Javier Pena,jp@gmail.com,America,(634) 362-4893,javier.pena@yahoo.com,04-03-1984
Luis Romero,lr@gmail.com,America,(906) 954-6170,luis.romero@yahoo.com,01-02-1975
Manuel Diaz,md@gmail.com,America,(995) 265-3314,manuel.diaz@yahoo.com,05-04-1932
Nicolas Espinoza,ne@gmail.com,America,(545) 440-9342,nicolas.espinoza@yahoo.com,08-05-1960
Oscar Herrera,oh@gmail.com,America,(342) 799-7896,oscar.herrera@yahoo.com,03-08-1949
Pablo Castro,pc@gmail.com,America,(217) 421-2691,pablo.castro@yahoo.com,06-06-1966
Rafael Aguilar,ra@gmail.com,America,(276) 963-3050,rafael.aguilar@yahoo.com,02-06-1976
Sergio Navarro,sn@gmail.com,America,(285) 367-3556,sergio.navarro@yahoo.com,08-19-1957
Tomas Morales,tm@gmail.com,America,(270) 930-1933,tomas.morales@yahoo.com,03-29-1928
Victor Figueroa,vf@gmail.com,America,(446) 287-7413,victor.figueroa@yahoo.com,08-31-1994
Xavier Rios,xr@gmail.com,America,(493) 612-7057,xavier.rios@yahoo.com,05-02-1996
Yago Guzman,yg@gmail.com,America,(584) 867-8743,yago.guzman@yahoo.com,02-24-1954
Zaid Mora,zm@gmail.com,America,(340) 921-6637,zaid.mora@yahoo.com,08-25-1925
Adrián Valencia,av@gmail.com,America,(714) 555-5522,adrián.valencia@yahoo.com,11-23-1946
Bruno Andrade,ba@gmail.com,America,(727) 234-2515,bruno.andrade@yahoo.com,02-27-1928
David Arias,da@gmail.com,America,(351) 588-3573,david.arias@yahoo.com,08-29-1995
Emilio Campos,ec@gmail.com,America,(432) 911-2146,emilio.campos@yahoo.com,01-04-1997
Francisco Cano,fc@gmail.com,America,(733) 784-5673,francisco.cano@yahoo.com,06-12-1935
Gonzalo Delgado,gd@gmail.com,America,(429) 549-6221,gonzalo.delgado@yahoo.com,11-26-1950
Héctor Fuentes,hf@gmail.com,America,(416) 935-6306,héctor.fuentes@yahoo.com,03-05-1956
Iván Leon,il@gmail.com,America,(263) 894-1859,iván.leon@yahoo.com,11-12-2001
Jorge Marquez,jm@gmail.com,America,(420) 400-8839,jorge.marquez@yahoo.com,02-24-1941
Kevin Nunez,kn@gmail.com,America,(200) 869-5902,kevin.nunez@yahoo.com,08-12-1943
Leonardo Paredes,lp@gmail.com,America,(373) 899-6724,leonardo.paredes@yahoo.com,10-24-1988
Marco Rangel,mr@gmail.com,America,(771) 682-2184,marco.rangel@yahoo.com,02-16-1956
Nicolás Soto,ns@gmail.com,America,(784) 769-7086,nicolás.soto@yahoo.com,08-20-1970
Octavio Tapia,ot@gmail.com,America,(389) 437-9941,octavio.tapia@yahoo.com,07-29-1983
Patricio Vega,pv@gmail.com,America,(838) 319-8082,patricio.vega@yahoo.com,09-10-1967
Raúl Zavala,rz@gmail.com,America,(383) 925-4163,raúl.zavala@yahoo.com,03-31-1931
Simón Jimenez,sj@gmail.com,America,(407) 902-4858,simón.jimenez@yahoo.com,11-21-1992
Tomás Morales,tm@gmail.com,America,(532) 860-4684,tomás.morales@yahoo.com,08-27-1975
Valentín Ortiz,vo@gmail.com,America,(880) 964-2062,valentín.ortiz@yahoo.com,11-27-1981
Xavier Ruiz,xr@gmail.com,America,(679) 974-8608,xavier.ruiz@yahoo.com,02-03-1988
Yago Vargas,yv@gmail.com,America,(993) 665-7818,yago.vargas@yahoo.com,07-03-1928
Zenón Mendoza,zm@gmail.com,America,(212) 894-6093,zenón.mendoza@yahoo.com,10-04-1923
Alberto Silva,as@gmail.com,America,(899) 309-5921,alberto.silva@yahoo.com,10-29-1950
Benjamín Rivera,br@gmail.com,America,(424) 294-6498,benjamín.rivera@yahoo.com,10-16-2000
Cristian Medina,cm@gmail.com,America,(766) 287-2840,cristian.medina@yahoo.com,12-05-1959
Diego Pena,dp@gmail.com,America,(896) 676-9878,diego.pena@yahoo.com,07-25-2000
Esteban Romero,er@gmail.com,America,(478) 887-7648,esteban.romero@yahoo.com,12-08-2004
Federico Diaz,fd@gmail.com,America,(270) 301-9768,federico.diaz@yahoo.com,06-13-1936
Gerardo Espinoza,ge@gmail.com,America,(902) 873-4181,gerardo.espinoza@yahoo.com,11-15-1933
